feature	coef	n
1	age	3.81937582997173	100
2	eln_2017_ratio	-38.5922436390789	100
