,all_features,clin_demo_comp
0,0.7146189735614308,0.5604072110959469
