feature	coef	n
1	age	3.97683448963334	100
2	gender	13.8006932811493	98
