feature	coef	n
1	age	3.55771564800612	100
2	eln_2017_adverse	42.4676290023333	100
3	eln_2017_favorable	-32.4852825141448	100
4	gender	3.93782231941787	64
