feature	coef	n
1	eln_2017_adverse	50.302306417916	100
2	eln_2017_favorable	-43.5504053832053	100
3	eln_2017_intermediate	-7.29830399335065	100
