feature	coef	n
1	eln_2017_adverse	57.9447289283992	100
2	eln_2017_favorable	-35.9844928413179	100
