feature	coef	n
1	eln_2017_adverse	13.9154950440349	100
2	eln_2017_favorable	-9.0622666768471	100
