feature	coef	n
1	age	862.185416210625	100
2	eln_2017_adverse	10.0768523086057	100
3	eln_2017_favorable	-8.06039692854235	100
4	gender	1.12679949144216	90
