feature	coef	n
1	ahd	-62.1955299527159	100
2	bm_blasts	-0.075973712954143	59
3	gender	10.8031817108384	91
4	hb	-0.122831049	72
5	perf_status	28.6218632092384	100
6	plt	-0.0152175504156206	63
7	secondary	26.8235045618955	100
8	wbc	0.117117575876715	99
