feature	coef	n
1	age	3.69817136277632	100
2	ahd	-47.10643872256	100
3	bm_blasts	-0.0305625446670165	100
4	gender	9.89191671462296	100
5	hb	-0.000285831583718564	100
6	perf_status	20.1838222860297	100
7	plt	-0.0252230933452247	100
8	secondary	14.8682502995927	100
9	wbc	0.190255580158511	100
