feature	coef	n
1	age	3.81224154478676	100
2	eln_2017_ratio	-38.6821407579889	100
