feature	coef	n
1	age	937.688684725161	100
2	eln_2017_ratio	-31.3838691729153	100
