feature	coef	n
1	age	3.64342690232723	100
2	eln_2017_ratio	-38.3573754862962	100
