feature	coef	n
1	age	3.4845434691998	100
2	ahd	-39.0154823435012	100
3	bm_blasts	0.116729031845844	100
4	eln_2017_ratio	-42.1047516444644	100
5	gender	0.38420799130308	100
6	hb	0.059703034375155	100
7	perf_status	23.2459450495066	100
8	plt	-0.0361672878326029	100
9	secondary	6.63859187488433	100
10	wbc	0.269699519522272	100
