feature	coef	n
1	age	3.95317891091882	100
2	eln_2017_ratio	-39.7207126790263	100
