feature	coef	n
1	age	4.26526418588007	100
2	gender	13.5114790117585	96
