feature	coef	n
1	age	4.39842957461912	100
2	gender	12.7780801837224	100
