feature	coef	n
1	age	4.25693694619334	100
2	gender	13.8460919493541	97
