feature	coef	n
1	age	4.02504535128093	100
2	gender	15.113706674732	100
