feature	coef	n
1	age	1044.02796595066	100
2	gender	3.74638387899546	100
