feature	coef	n
1	eln_2017_ratio	-47.6819464952109	100
2	gender	6.20791817531173	71
