feature	coef	n
1	age	3.9704163528219	100
2	eln_2017_ratio	-39.7229099524485	100
