feature	coef	n
1	age	3.83457468943275	100
2	eln_2017_ratio	-38.2856296722252	100
3	gender	3.17038818077691	68
