feature	coef	n
1	age	3.82872704309883	100
2	eln_2017_ratio	-38.3724708139884	100
3	gender	3.40971165399674	76
