feature	coef	n
1	eln_2017_ratio	-46.8634670930843	100
2	gender	7.93038834803212	100
