feature	coef	n
1	eln_2017_ratio	-47.603775928665	100
2	gender	6.41356863728496	75
