feature	coef	n
1	age	3.65677035129002	100
2	eln_2017_ratio	-37.9482580566288	100
3	gender	4.75390824156976	100
