feature	coef	n
1	age	3.82990553424236	100
2	eln_2017_ratio	-38.6846630546426	100
