feature	coef	n
1	eln_2017_ratio	-49.1129248122796	100
2	gender	7.02035195382661	100
