feature	coef	n
1	age	3.97319638892401	100
2	eln_2017_ratio	-39.0971834616609	100
3	gender	3.47609127953938	100
