feature	coef	n
1	age	942.821698223984	100
2	eln_2017_ratio	-31.445453280307	100
