feature	coef	n
1	eln_2017_ratio	-39.0086736745632	100
2	gender	1.88786424987412	100
