feature	coef	n
1	age	937.054400614689	100
2	eln_2017_ratio	-30.962585664541	100
3	gender	0.940005807730883	94
