feature	coef	n
1	age	3.83672038170305	100
2	eln_2017_ratio	-38.5891324492395	100
