feature	coef	n
1	age	3.71046529975752	100
2	ahd	-34.551603153445	100
3	bm_blasts	0.111564727617212	74
4	eln_2017_ratio	-42.5922163220638	100
5	gender	0.848846374535607	57
6	hb	0.046293861403172	62
7	perf_status	22.8480322467839	100
8	plt	-0.0347783510172885	71
9	secondary	4.64035810093663	70
10	wbc	0.259245763235366	100
