feature	coef	n
1	age	3.65895915400845	100
2	eln_2017_ratio	-38.3575751211559	100
