feature	coef	n
1	age	3.97100901326203	100
2	gender	14.1103313152792	100
