feature	coef	n
1	age	4.09627516718658	100
2	gender	12.9252357064942	100
