feature	coef	n
1	eln_2017_adverse	58.0867907732793	100
2	eln_2017_favorable	-35.8532293470847	100
