feature	coef	n
1	eln_adverse	56.8336679171451	100
2	eln_favorable	-37.4699105262099	100
3	gender	6.12710092376824	75
