feature	coef	n
1	eln_adverse	13.7543934554305	100
2	eln_favorable	-9.50166362422942	100
3	gender	1.79897126998482	100
