feature	coef	n
1	eln_adverse	57.8660599380267	100
2	eln_favorable	-37.7309225987	100
