feature	coef	n
1	eln_adverse	50.069464669789	100
2	eln_favorable	-44.2060416166431	100
3	eln_intermediate	-6.39416152711811	100
4	gender	7.38616900592026	100
