feature	coef	n
1	eln_adverse	57.0188349630846	100
2	eln_favorable	-37.3460479904138	100
3	gender	6.00695439609934	72
