feature	coef	n
1	age	3.85198032596595	100
2	eln_adverse	35.4406013555476	100
3	eln_favorable	-41.1641571634631	100
4	gender	3.29739733555606	70
