feature	coef	n
1	age	3.85222635950113	100
2	eln_adverse	35.8690981482796	100
3	eln_favorable	-41.3233737842322	100
