feature	coef	n
1	age	3.65660723683839	100
2	eln_adverse	39.1729321566572	100
3	eln_favorable	-39.5526324347853	100
4	eln_intermediate	1.99268404468193	100
