feature	coef	n
1	eln_adverse	58.9351321957629	100
2	eln_favorable	-37.6472996243901	100
3	eln_intermediate	1.35986454795028	100
4	gender	7.5492323731075	100
