feature	coef	n
1	age	3.99003250766877	100
2	eln_adverse	41.8810411240893	100
3	eln_favorable	-35.5713438952724	100
4	eln_intermediate	6.60081432991487	100
5	gender	4.61697519815247	100
