feature	coef	n
1	age	3.84198331709912	100
2	eln_adverse	36.0755612355198	100
3	eln_favorable	-41.469235876063	100
