feature	coef	n
1	age	3.65514330411691	100
2	eln_adverse	38.7308056912602	100
3	eln_favorable	-39.2073092729406	100
4	eln_intermediate	2.12768487101193	100
5	gender	4.56754755099255	100
