feature	coef	n
1	eln_adverse	50.7897333233642	100
2	eln_favorable	-44.7502237739362	100
3	eln_intermediate	-6.61896861594775	100
