feature	coef	n
1	age	936.192001624279	100
2	eln_adverse	8.45593287855847	100
3	eln_favorable	-10.1979648788782	100
4	gender	0.931137577455787	94
