feature	coef	n
1	age	942.184494991095	100
2	eln_adverse	8.60511901174702	100
3	eln_favorable	-10.3563644212309	100
