feature	coef	n
1	eln_adverse	13.9907472777277	100
2	eln_favorable	-9.60661773200728	100
