feature	coef	n
1	age	3.84172247210858	100
2	eln_adverse	35.6230171791619	100
3	eln_favorable	-41.301178646335	100
4	gender	3.49697966774215	79
