feature	coef	n
1	ahd	-49.9399326738173	100
2	bm_blasts	0.0433668045111306	50
3	eln_adverse	53.7512217362936	100
4	eln_favorable	-39.5923581357418	100
5	hb	-0.0644304382644244	60
6	perf_status	30.7279348062297	100
7	plt	-0.0397801883397217	75
8	secondary	16.4342190632706	99
9	wbc	0.169315920726689	100
