feature	coef	n
1	age	3.987268606668	100
2	eln_adverse	42.3622444517952	100
3	eln_favorable	-36.6333156540958	100
4	eln_intermediate	6.23287702230362	100
