feature	coef	n
1	eln_adverse	57.7267028466109	100
2	eln_favorable	-37.869133571647	100
