feature	coef	n
1	age	3.78172531180546	100
2	gender	15.3124486845605	100
