feature	coef	n
1	age	967.315312512048	100
2	gender	3.83402977702532	100
