feature	coef	n
1	age	3.55149657367557	100
2	eln_2017_adverse	42.5297914258907	100
3	eln_2017_favorable	-32.7915999192534	100
4	gender	4.17138689294181	72
